File,Diameter (mm),Velocity (mm/s),Coverage (%),Weld Radius (mm),Weld Height (mm),Weld Half-width (mm),Depth (mm),S11 (Mpa),S22 (Mpa),S33 (Mpa),S11-S22 (Mpa)
calc2,0.4,70000,200,0.6,1.8,5.5,0.0,-79.81880073,-18.89418371,-77.66238391,-60.92461702
calc2,0.4,70000,200,0.6,1.8,5.5,0.0137,-121.5221871,-9.482258963,-116.70928,-112.039928137
calc2,0.4,70000,200,0.6,1.8,5.5,0.0275,-201.1923341,-1.02585989,-191.1818645,-200.16647421
calc2,0.4,70000,200,0.6,1.8,5.5,0.0412,-280.629624,-3.544621293,-269.2371421,-277.085002707
calc2,0.4,70000,200,0.6,1.8,5.5,0.0549,-337.1634277,-9.164515958,-329.3036033,-327.998911742
calc2,0.4,70000,200,0.6,1.8,5.5,0.0686,-367.6297837,-13.82151613,-365.6850062,-353.80826757
calc2,0.4,70000,200,0.6,1.8,5.5,0.0824,-383.5848726,-18.57521943,-384.3991777,-365.00965317
calc2,0.4,70000,200,0.6,1.8,5.5,0.0961,-392.2332534,-22.96341689,-393.1173664,-369.26983651
calc2,0.4,70000,200,0.6,1.8,5.5,0.11,-396.350677,-26.93860093,-394.8099793,-369.41207607
calc2,0.4,70000,200,0.6,1.8,5.5,0.124,-397.1886143,-30.46037448,-390.8733154,-366.72823982
calc2,0.4,70000,200,0.6,1.8,5.5,0.137,-394.4992438,-33.35108378,-381.6399153,-361.14816002
calc2,0.4,70000,200,0.6,1.8,5.5,0.151,-388.7958361,-35.7170247,-369.6913857,-353.0788114
calc2,0.4,70000,200,0.6,1.8,5.5,0.165,-378.2820275,-37.56853122,-353.7452872,-340.71349628
calc2,0.4,70000,200,0.6,1.8,5.5,0.178,-358.77477,-38.46133683,-329.7720172,-320.31343317
calc2,0.4,70000,200,0.6,1.8,5.5,0.192,-334.5109959,-38.96068975,-301.7719711,-295.55030615
calc2,0.4,70000,200,0.6,1.8,5.5,0.206,-299.3366598,-38.57313733,-264.288208,-260.76352247
calc2,0.4,70000,200,0.6,1.8,5.5,0.22,-261.7994338,-37.92323458,-224.8852618,-223.87619922
calc2,0.4,70000,200,0.6,1.8,5.5,0.233,-221.2134037,-36.56683584,-186.0263837,-184.64656786
calc2,0.4,70000,200,0.6,1.8,5.5,0.247,-179.5484503,-35.1213526,-146.4800085,-144.4270977
calc2,0.4,70000,200,0.6,1.8,5.5,0.261,-142.687643,-33.39661292,-115.2895722,-109.29103008
calc2,0.4,70000,200,0.6,1.8,5.5,0.275,-105.6937043,-31.61203509,-84.71576226,-74.08166921
calc2,0.4,70000,200,0.6,1.8,5.5,0.288,-75.92684296,-29.80290655,-61.45873017,-46.12393641
calc2,0.4,70000,200,0.6,1.8,5.5,0.302,-49.59466721,-28.03288009,-41.9650111,-21.56178712
calc2,0.4,70000,200,0.6,1.8,5.5,0.316,-26.12714473,-26.2378921,-24.64672899,0.110747369999999
calc2,0.4,70000,200,0.6,1.8,5.5,0.329,-11.32425425,-24.64787244,-14.18264157,13.32361819
calc2,0.4,70000,200,0.6,1.8,5.5,0.343,3.242157889,-22.96854927,-3.84266792,26.210707159
calc2,0.4,70000,200,0.6,1.8,5.5,0.357,12.66822755,-21.43626422,2.820655934,34.10449177
calc2,0.4,70000,200,0.6,1.8,5.5,0.371,18.89457743,-20.00695558,7.188210247,38.90153301
calc2,0.4,70000,200,0.6,1.8,5.5,0.384,25.03816622,-18.49790309,11.53864333,43.53606931
calc2,0.4,70000,200,0.6,1.8,5.5,0.398,27.42250706,-17.06577865,13.21526496,44.48828571
calc2,0.4,70000,200,0.6,1.8,5.5,0.412,29.02233521,-15.660179,14.32104668,44.68251421
calc2,0.4,70000,200,0.6,1.8,5.5,0.426,30.58025176,-14.21724186,15.43155305,44.79749362
calc2,0.4,70000,200,0.6,1.8,5.5,0.439,30.5491289,-12.80052897,15.49854955,43.34965787
calc2,0.4,70000,200,0.6,1.8,5.5,0.453,30.17916543,-11.39094254,15.33624904,41.57010797
calc2,0.4,70000,200,0.6,1.8,5.5,0.467,29.7773431,-9.97042847,15.17369458,39.74777157
calc2,0.4,70000,200,0.6,1.8,5.5,0.48,28.83685723,-8.603146897,14.72235152,37.440004127
calc2,0.4,70000,200,0.6,1.8,5.5,0.494,27.51477005,-7.269389595,14.06788802,34.784159645
calc2,0.4,70000,200,0.6,1.8,5.5,0.508,26.17130611,-5.936141393,13.4103918,32.107447503
calc2,0.4,70000,200,0.6,1.8,5.5,0.522,24.81628024,-4.620025114,12.75787371,29.436305354
calc2,0.4,70000,200,0.6,1.8,5.5,0.535,23.28936524,-3.447592432,12.13331602,26.736957672
calc2,0.4,70000,200,0.6,1.8,5.5,0.549,21.75096356,-2.278716242,11.5067398,24.029679802
calc2,0.4,70000,200,0.6,1.8,5.5,0.563,20.22398656,-1.105948297,10.88286824,21.329934857
calc2,0.4,70000,200,0.6,1.8,5.5,0.577,18.68573846,-0.013132429,10.2845065,18.698870889
calc2,0.4,70000,200,0.6,1.8,5.5,0.59,17.16162515,0.95055662,9.739671083,16.21106853
calc2,0.4,70000,200,0.6,1.8,5.5,0.604,15.6272744,1.911414849,9.192539902,13.715859551
calc2,0.4,70000,200,0.6,1.8,5.5,0.618,14.10066598,2.873540679,8.646694922,11.227125301
calc2,0.4,70000,200,0.6,1.8,5.5,0.631,12.83280168,3.655820141,8.198313609,9.176981539
calc2,0.4,70000,200,0.6,1.8,5.5,0.645,12.08644089,4.080932933,7.944110661,8.005507957
calc2,0.4,70000,200,0.6,1.8,5.5,0.659,11.34419226,4.506566705,7.694138175,6.837625555
calc2,0.4,70000,200,0.6,1.8,5.5,0.673,10.60057673,4.931221502,7.437628871,5.669355228
calc2,0.4,70000,200,0.6,1.8,5.5,0.686,9.856160625,5.357143859,7.189829256,4.499016766
calc3,0.4,70000,200,0.2,1.8,5.5,0.0,-112.6962231,-18.8942,-65.59133392,-93.8020231
calc3,0.4,70000,200,0.2,1.8,5.5,0.0137,-151.8172916,-9.48226,-99.77254989,-142.3350316
calc3,0.4,70000,200,0.2,1.8,5.5,0.0275,-228.9071416,-11.8902,-273.6545,-217.0169416
calc3,0.4,70000,200,0.2,1.8,5.5,0.0412,-303.0568477,-31.9773,-301.3704444,-271.0795477
calc3,0.4,70000,200,0.2,1.8,5.5,0.0549,-357.8328152,-77.3229,-308.9698333,-280.5099152
calc3,0.4,70000,200,0.2,1.8,5.5,0.0686,-394.4633065,-74.64,-368.0233333,-319.8233065
calc3,0.4,70000,200,0.2,1.8,5.5,0.0824,-415.4186398,-61.7017,-370.9781667,-353.7169398
calc3,0.4,70000,200,0.2,1.8,5.5,0.0961,-427.4201364,-72.3871,-372.3992778,-355.0330364
calc3,0.4,70000,200,0.2,1.8,5.5,0.11,-433.067436,-88.4416,-361.0326111,-344.625836
calc3,0.4,70000,200,0.2,1.8,5.5,0.124,-433.190438,-97.0788,-373.1888889,-336.111638
calc3,0.4,70000,200,0.2,1.8,5.5,0.137,-428.3996708,-104.682,-372.7178889,-323.7176708
calc3,0.4,70000,200,0.2,1.8,5.5,0.151,-420.1981157,-117.412,-356.2137222,-302.7861157
calc3,0.4,70000,200,0.2,1.8,5.5,0.165,-406.1093623,-115.003,-357.876,-291.1063623
calc3,0.4,70000,200,0.2,1.8,5.5,0.178,-381.5124807,-119.037,-306.0155,-262.4754807
calc3,0.4,70000,200,0.2,1.8,5.5,0.192,-351.1784697,-123.466,-298.8348889,-227.7124697
calc3,0.4,70000,200,0.2,1.8,5.5,0.206,-307.6578271,-113.632,-218.3343333,-194.0258271
calc3,0.4,70000,200,0.2,1.8,5.5,0.22,-261.4654004,-114.658,-198.3244444,-146.8074004
calc3,0.4,70000,200,0.2,1.8,5.5,0.233,-213.1667837,-106.128,-129.4835944,-107.0387837
calc3,0.4,70000,200,0.2,1.8,5.5,0.247,-163.9140842,-101.681,-109.0948833,-62.2330842
calc3,0.4,70000,200,0.2,1.8,5.5,0.261,-121.8864621,-93.2731,-63.74740556,-28.6133621
calc3,0.4,70000,200,0.2,1.8,5.5,0.275,-80.27482176,-85.767,-50.89690556,5.49217824
calc3,0.4,70000,200,0.2,1.8,5.5,0.288,-46.22748452,-79.7554,-20.15591778,33.52791548
calc3,0.4,70000,200,0.2,1.8,5.5,0.302,-15.983582,-70.3015,-13.257645,54.317918
calc3,0.4,70000,200,0.2,1.8,5.5,0.316,11.04822592,-66.0266,6.747988333,77.07482592
calc3,0.4,70000,200,0.2,1.8,5.5,0.329,27.6791139,-56.7696,8.357052222,84.4487139
calc3,0.4,70000,200,0.2,1.8,5.5,0.343,44.17556621,-54.717,17.179845,98.89256621
calc3,0.4,70000,200,0.2,1.8,5.5,0.357,53.96361772,-49.7458,19.59747222,103.70941772
calc3,0.4,70000,200,0.2,1.8,5.5,0.371,59.56729057,-41.9795,20.03089444,101.54679057
calc3,0.4,70000,200,0.2,1.8,5.5,0.384,65.1874759,-40.6459,20.98319778,105.8333759
calc3,0.4,70000,200,0.2,1.8,5.5,0.398,66.12381309,-37.3133,20.91751111,103.43711309
calc3,0.4,70000,200,0.2,1.8,5.5,0.412,66.04420083,-32.7329,21.72116471,98.77710083
calc3,0.4,70000,200,0.2,1.8,5.5,0.426,66.01469435,-31.1641,20.46459444,97.17879435
calc3,0.4,70000,200,0.2,1.8,5.5,0.439,64.51755847,-28.688,20.33139444,93.20555847
calc3,0.4,70000,200,0.2,1.8,5.5,0.453,62.6800542,-25.6327,20.6188,88.3127542
calc3,0.4,70000,200,0.2,1.8,5.5,0.467,60.88529105,-23.9994,20.13566111,84.88469105
calc3,0.4,70000,200,0.2,1.8,5.5,0.48,59.07609001,-22.0294,20.04638333,81.10549001
calc3,0.4,70000,200,0.2,1.8,5.5,0.494,57.248825,-20.7453,20.31194444,77.994125
calc3,0.4,70000,200,0.2,1.8,5.5,0.508,55.45447472,-18.6266,20.05185,74.08107472
calc3,0.4,70000,200,0.2,1.8,5.5,0.522,53.67882114,-16.9509,19.98737222,70.62972114
calc3,0.4,70000,200,0.2,1.8,5.5,0.535,52.13223168,-15.7397,20.27106111,67.87193168
calc3,0.4,70000,200,0.2,1.8,5.5,0.549,50.61328719,-14.3882,20.15512222,65.00148719
calc3,0.4,70000,200,0.2,1.8,5.5,0.563,49.07273375,-13.0568,20.32475556,62.12953375
calc3,0.4,70000,200,0.2,1.8,5.5,0.577,47.65477204,-11.6365,20.33851765,59.29127204
calc3,0.4,70000,200,0.2,1.8,5.5,0.59,46.3921564,-10.3088,20.46637222,56.7009564
calc3,0.4,70000,200,0.2,1.8,5.5,0.604,45.14705358,-9.20746,20.44314444,54.35451358
calc3,0.4,70000,200,0.2,1.8,5.5,0.618,43.88901784,-8.22102,20.64918333,52.11003784
calc3,0.4,70000,200,0.2,1.8,5.5,0.631,42.87740083,-7.62327,20.60308889,50.50067083
calc3,0.4,70000,200,0.2,1.8,5.5,0.645,42.31872459,-6.82788,20.88778333,49.14660459
calc3,0.4,70000,200,0.2,1.8,5.5,0.659,41.77285269,-6.07437,20.73892778,47.84722269
calc3,0.4,70000,200,0.2,1.8,5.5,0.673,41.21019325,-5.24196,21.19106111,46.45215325
calc3,0.4,70000,200,0.2,1.8,5.5,0.686,40.66982163,6.8369,22.54764911,33.83292163
calc4,0.4,70000,200,0.1,1.8,5.5,0.0,-110.889,-24.9869,-110.28,-85.9021
calc4,0.4,70000,200,0.1,1.8,5.5,0.0137,-157.943,-10.8473,-340.75,-147.0957
calc4,0.4,70000,200,0.1,1.8,5.5,0.0275,-226.559,-0.9688,-283.145,-225.5902
calc4,0.4,70000,200,0.1,1.8,5.5,0.0412,-289.851,-3.89049,-219.047,-285.96051
calc4,0.4,70000,200,0.1,1.8,5.5,0.0549,-346.76,-8.22898,-284.762,-338.53102
calc4,0.4,70000,200,0.1,1.8,5.5,0.0686,-383.624,-13.8102,-339.539,-369.8138
calc4,0.4,70000,200,0.1,1.8,5.5,0.0824,-403.284,-20.1569,-372.563,-383.1271
calc4,0.4,70000,200,0.1,1.8,5.5,0.0961,-415.085,-25.86,-389.595,-389.225
calc4,0.4,70000,200,0.1,1.8,5.5,0.11,-420.768,-30.771,-398.259,-389.997
calc4,0.4,70000,200,0.1,1.8,5.5,0.124,-421.216,-36.1303,-400.195,-385.0857
calc4,0.4,70000,200,0.1,1.8,5.5,0.137,-416.808,-40.6728,-396.833,-376.1352
calc4,0.4,70000,200,0.1,1.8,5.5,0.151,-410.127,-44.5718,-388.075,-365.5552
calc4,0.4,70000,200,0.1,1.8,5.5,0.165,-399.862,-48.3884,-376.865,-351.4736
calc4,0.4,70000,200,0.1,1.8,5.5,0.178,-381.388,-50.9696,-362.168,-330.4184
calc4,0.4,70000,200,0.1,1.8,5.5,0.192,-358.201,-53.3589,-339.826,-304.8421
calc4,0.4,70000,200,0.1,1.8,5.5,0.206,-319.02,-54.3229,-313.515,-264.6971
calc4,0.4,70000,200,0.1,1.8,5.5,0.22,-276.634,-55.0507,-275.834,-221.5833
calc4,0.4,70000,200,0.1,1.8,5.5,0.233,-227.089,-54.5896,-235.83,-172.4994
calc4,0.4,70000,200,0.1,1.8,5.5,0.247,-176.124,-53.9198,-192.898,-122.2042
calc4,0.4,70000,200,0.1,1.8,5.5,0.261,-132.699,-52.5683,-148.896,-80.1307
calc4,0.4,70000,200,0.1,1.8,5.5,0.275,-89.4616,-50.973,-113.958,-38.4886
calc4,0.4,70000,200,0.1,1.8,5.5,0.288,-55.2145,-49.2073,-79.5788,-6.0072
calc4,0.4,70000,200,0.1,1.8,5.5,0.302,-25.307,-47.1628,-54.3751,21.8558
calc4,0.4,70000,200,0.1,1.8,5.5,0.316,1.340606,-45.2035,-33.8797,46.544106
calc4,0.4,70000,200,0.1,1.8,5.5,0.329,18.13531,-43.0115,-15.929,61.14681
calc4,0.4,70000,200,0.1,1.8,5.5,0.343,34.68948,-40.9358,-5.93992,75.62528
calc4,0.4,70000,200,0.1,1.8,5.5,0.357,44.69773,-38.8047,3.904006,83.50243
calc4,0.4,70000,200,0.1,1.8,5.5,0.371,50.58766,-36.6315,9.80601,87.21916
calc4,0.4,70000,200,0.1,1.8,5.5,0.384,56.49686,-34.5457,13.24001,91.04256
calc4,0.4,70000,200,0.1,1.8,5.5,0.398,57.24106,-32.5196,16.66138,89.76066
calc4,0.4,70000,200,0.1,1.8,5.5,0.412,56.84577,-30.4891,17.33395,87.33487
calc4,0.4,70000,200,0.1,1.8,5.5,0.426,56.54431,-28.5113,17.41029,85.05561
calc4,0.4,70000,200,0.1,1.8,5.5,0.439,54.76014,-26.7162,17.5113,81.47634
calc4,0.4,70000,200,0.1,1.8,5.5,0.453,52.62324,-24.9515,16.85997,77.57474
calc4,0.4,70000,200,0.1,1.8,5.5,0.467,50.55594,-23.2138,16.0353,73.76974
calc4,0.4,70000,200,0.1,1.8,5.5,0.48,48.45096,-21.6597,15.23035,70.11066
calc4,0.4,70000,200,0.1,1.8,5.5,0.494,46.31387,-20.2271,14.46756,66.54097
calc4,0.4,70000,200,0.1,1.8,5.5,0.508,44.22197,-18.8095,13.7332,63.03147
calc4,0.4,70000,200,0.1,1.8,5.5,0.522,42.12586,-17.4238,13.01141,59.54966
calc4,0.4,70000,200,0.1,1.8,5.5,0.535,40.13844,-16.324,12.29379,56.46244
calc4,0.4,70000,200,0.1,1.8,5.5,0.549,38.18141,-15.2323,11.64799,53.41371
calc4,0.4,70000,200,0.1,1.8,5.5,0.563,36.19869,-14.1348,11.01174,50.33349
calc4,0.4,70000,200,0.1,1.8,5.5,0.577,34.31412,-13.1517,10.36739,47.46582
calc4,0.4,70000,200,0.1,1.8,5.5,0.59,32.54239,-12.3554,9.758864,44.89779
calc4,0.4,70000,200,0.1,1.8,5.5,0.604,30.78653,-11.562,9.193356,42.34853
calc4,0.4,70000,200,0.1,1.8,5.5,0.618,29.01882,-10.7678,8.633743,39.78662
calc4,0.4,70000,200,0.1,1.8,5.5,0.631,27.57639,-10.1294,8.069225,37.70579
calc4,0.4,70000,200,0.1,1.8,5.5,0.645,26.75174,-9.80179,7.609653,36.55353
calc4,0.4,70000,200,0.1,1.8,5.5,0.659,25.94053,-9.47094,7.343978,35.41147
calc4,0.4,70000,200,0.1,1.8,5.5,0.673,25.11159,-9.14683,7.08533,34.25842
calc4,0.4,70000,200,0.1,1.8,5.5,0.686,24.30455,-8.8135,6.817724,33.11805
calc5,0.5,70000,200,0.6,1.8,5.5,0.0,-78.9583,-14.7915,-59.4917,-64.1668
calc5,0.5,70000,200,0.6,1.8,5.5,0.0172,-116.877,-4.59893,-97.9774,-112.27807
calc5,0.5,70000,200,0.6,1.8,5.5,0.0343,-190.148,0.776366,-540.817,-190.924366
calc5,0.5,70000,200,0.6,1.8,5.5,0.0515,-269.752,-6.66385,-166.776,-263.08815
calc5,0.5,70000,200,0.6,1.8,5.5,0.0686,-335.172,-15.6224,-230.643,-319.5496
calc5,0.5,70000,200,0.6,1.8,5.5,0.0858,-379.16,-21.4253,-264.196,-357.7347
calc5,0.5,70000,200,0.6,1.8,5.5,0.103,-407.564,-27.2158,-281.233,-380.3482
calc5,0.5,70000,200,0.6,1.8,5.5,0.12,-424.368,-32.6228,-306.391,-391.7452
calc5,0.5,70000,200,0.6,1.8,5.5,0.137,-432.951,-37.7462,-335.095,-395.2048
calc5,0.5,70000,200,0.6,1.8,5.5,0.154,-435.248,-41.7458,-340.536,-393.5022
calc5,0.5,70000,200,0.6,1.8,5.5,0.172,-431.087,-45.3719,-356.438,-385.7151
calc5,0.5,70000,200,0.6,1.8,5.5,0.189,-422.591,-48.5009,-350.996,-374.0901
calc5,0.5,70000,200,0.6,1.8,5.5,0.206,-407.977,-51.6293,-349.426,-356.3477
calc5,0.5,70000,200,0.6,1.8,5.5,0.223,-386.667,-54.0538,-345.169,-332.6132
calc5,0.5,70000,200,0.6,1.8,5.5,0.24,-361.835,-56.5715,-322.627,-305.2635
calc5,0.5,70000,200,0.6,1.8,5.5,0.257,-331.274,-58.1715,-312.02,-273.1025
calc5,0.5,70000,200,0.6,1.8,5.5,0.275,-298.976,-59.9009,-267.861,-239.0751
calc5,0.5,70000,200,0.6,1.8,5.5,0.292,-259.524,-60.4534,-247.942,-199.0706
calc5,0.5,70000,200,0.6,1.8,5.5,0.309,-218.718,-61.1192,-199.446,-157.5988
calc5,0.5,70000,200,0.6,1.8,5.5,0.326,-180.013,-60.8331,-175.486,-119.1799
calc5,0.5,70000,200,0.6,1.8,5.5,0.343,-140.743,-60.5742,-133.775,-80.1688
calc5,0.5,70000,200,0.6,1.8,5.5,0.36,-110.675,-59.8269,-111.512,-50.8481
calc5,0.5,70000,200,0.6,1.8,5.5,0.378,-85.1332,-58.9416,-79.1105,-26.1916
calc5,0.5,70000,200,0.6,1.8,5.5,0.395,-62.2532,-57.9002,-65.4909,-4.353
calc5,0.5,70000,200,0.6,1.8,5.5,0.412,-47.1422,-56.5459,-40.9096,9.4037
calc5,0.5,70000,200,0.6,1.8,5.5,0.429,-32.2884,-55.1632,-34.8884,22.8748
calc5,0.5,70000,200,0.6,1.8,5.5,0.446,-20.5447,-53.5449,-20.6409,33.0002
calc5,0.5,70000,200,0.6,1.8,5.5,0.463,-10.6319,-51.7819,-11.9221,41.15
calc5,0.5,70000,200,0.6,1.8,5.5,0.48,-0.86818,-50.0191,-9.34066,49.15092
calc5,0.5,70000,200,0.6,1.8,5.5,0.498,5.987106,-48.0423,-1.83104,54.029406
calc5,0.5,70000,200,0.6,1.8,5.5,0.515,12.2828,-46.0018,1.420301,58.2846
calc5,0.5,70000,200,0.6,1.8,5.5,0.532,18.50559,-43.9943,1.616884,62.49989
calc5,0.5,70000,200,0.6,1.8,5.5,0.549,21.66351,-41.9412,4.730107,63.60471
calc5,0.5,70000,200,0.6,1.8,5.5,0.566,24.15,-39.8454,5.251055,63.9954
calc5,0.5,70000,200,0.6,1.8,5.5,0.583,26.6231,-37.8055,4.591409,64.4286
calc5,0.5,70000,200,0.6,1.8,5.5,0.601,27.41178,-35.8546,5.191106,63.26638
calc5,0.5,70000,200,0.6,1.8,5.5,0.618,26.99203,-33.9392,5.120121,60.93123
calc5,0.5,70000,200,0.6,1.8,5.5,0.635,26.58714,-32.0825,4.469824,58.66964
calc5,0.5,70000,200,0.6,1.8,5.5,0.652,26.07872,-30.2493,4.416983,56.32802
calc5,0.5,70000,200,0.6,1.8,5.5,0.669,24.69732,-28.6717,4.156805,53.36902
calc5,0.5,70000,200,0.6,1.8,5.5,0.686,23.341,-27.1516,3.599497,50.4926
calc5,0.5,70000,200,0.6,1.8,5.5,0.704,21.96091,-25.5835,3.332614,47.54441
calc5,0.5,70000,200,0.6,1.8,5.5,0.721,20.61362,-24.2073,2.888624,44.82092
calc5,0.5,70000,200,0.6,1.8,5.5,0.738,19.23491,-23.0159,2.608865,42.25081
calc5,0.5,70000,200,0.6,1.8,5.5,0.755,17.88557,-21.8712,2.171847,39.75677
calc5,0.5,70000,200,0.6,1.8,5.5,0.772,16.51377,-20.692,1.715965,37.20577
calc5,0.5,70000,200,0.6,1.8,5.5,0.789,15.39269,-19.758,1.452308,35.15069
calc5,0.5,70000,200,0.6,1.8,5.5,0.806,14.74179,-19.2744,1.147867,34.01619
calc5,0.5,70000,200,0.6,1.8,5.5,0.824,14.0848,-18.7656,1.080969,32.8504
calc5,0.5,70000,200,0.6,1.8,5.5,0.841,13.4258,-18.2833,-0.11588,31.7091
calc5,0.5,70000,200,0.6,1.8,5.5,0.858,12.77527,-17.7717,0.87094,30.54697
calc8,0.4,50000,200,0.6,1.8,5.5,0.0,-245.175,-18.9332,-173.505,-226.2418
calc8,0.4,50000,200,0.6,1.8,5.5,0.012,-287.072,-637.312,-211.675,350.24
calc8,0.4,50000,200,0.6,1.8,5.5,0.024,-357.308,-140.818,-280.955,-216.49
calc8,0.4,50000,200,0.6,1.8,5.5,0.036,-409.03,-33.7909,-337.749,-375.2391
calc8,0.4,50000,200,0.6,1.8,5.5,0.048,-434.917,-30.6893,-370.889,-404.2277
calc8,0.4,50000,200,0.6,1.8,5.5,0.06,-443.984,-48.3558,-390.162,-395.6282
calc8,0.4,50000,200,0.6,1.8,5.5,0.072,-442.765,-67.6177,-397.035,-375.1473
calc8,0.4,50000,200,0.6,1.8,5.5,0.084,-437.664,-47.4601,-396.06,-390.2039
calc8,0.4,50000,200,0.6,1.8,5.5,0.096,-430.639,-46.2866,-390.286,-384.3524
calc8,0.4,50000,200,0.6,1.8,5.5,0.108,-422.582,-55.6133,-381.584,-366.9687
calc8,0.4,50000,200,0.6,1.8,5.5,0.12,-411.432,-52.6033,-370.404,-358.8287
calc8,0.4,50000,200,0.6,1.8,5.5,0.132,-396.267,-50.9415,-356.262,-345.3255
calc8,0.4,50000,200,0.6,1.8,5.5,0.144,-373.717,-53.5639,-336.42,-320.1531
calc8,0.4,50000,200,0.6,1.8,5.5,0.156,-339.437,-51.3384,-305.701,-288.0986
calc8,0.4,50000,200,0.6,1.8,5.5,0.168,-298.544,-55.8328,-268.893,-242.7112
calc8,0.4,50000,200,0.6,1.8,5.5,0.18,-250.972,-50.4926,-225.221,-200.4794
calc8,0.4,50000,200,0.6,1.8,5.5,0.192,-201.33,-54.7418,-179.557,-146.5882
calc8,0.4,50000,200,0.6,1.8,5.5,0.204,-157.821,-46.8163,-141.146,-111.0047
calc8,0.4,50000,200,0.6,1.8,5.5,0.216,-113.701,-50.3048,-102.233,-63.3962
calc8,0.4,50000,200,0.6,1.8,5.5,0.228,-80.2514,-41.5051,-74.8921,-38.7463
calc8,0.4,50000,200,0.6,1.8,5.5,0.24,-47.6604,-43.379,-48.6485,-4.2814
calc8,0.4,50000,200,0.6,1.8,5.5,0.252,-23.7713,-34.586,-30.1126,10.8147
calc8,0.4,50000,200,0.6,1.8,5.5,0.264,-4.30435,-35.8711,-15.6006,31.56675
calc8,0.4,50000,200,0.6,1.8,5.5,0.276,12.62904,-28.4388,-2.9489,41.06784
calc8,0.4,50000,200,0.6,1.8,5.5,0.288,21.73512,-28.156,3.830854,49.89112
calc8,0.4,50000,200,0.6,1.8,5.5,0.3,30.69914,-22.4162,10.53699,53.11534
calc8,0.4,50000,200,0.6,1.8,5.5,0.312,35.54538,-20.8829,14.46139,56.42828
calc8,0.4,50000,200,0.6,1.8,5.5,0.324,37.85394,-18.6097,16.66846,56.46364
calc8,0.4,50000,200,0.6,1.8,5.5,0.336,40.1256,-14.2502,18.86734,54.3758
calc8,0.4,50000,200,0.6,1.8,5.5,0.348,39.57562,-12.3524,19.10924,51.92802
calc8,0.4,50000,200,0.6,1.8,5.5,0.36,38.43537,-9.99128,18.94325,48.42665
calc8,0.4,50000,200,0.6,1.8,5.5,0.372,37.27628,-7.09184,18.76888,44.36812
calc8,0.4,50000,200,0.6,1.8,5.5,0.384,35.42523,-4.71007,18.16892,40.1353
calc8,0.4,50000,200,0.6,1.8,5.5,0.396,33.42552,-2.38797,17.48402,35.81349
calc8,0.4,50000,200,0.6,1.8,5.5,0.408,31.41798,-0.51225,16.78831,31.93023
calc8,0.4,50000,200,0.6,1.8,5.5,0.42,29.48788,2.0264,16.16781,27.46148
calc8,0.4,50000,200,0.6,1.8,5.5,0.432,27.60759,4.344232,15.6061,23.263358
calc8,0.4,50000,200,0.6,1.8,5.5,0.444,25.72797,5.484817,15.03431,20.243153
calc8,0.4,50000,200,0.6,1.8,5.5,0.456,23.86789,8.102782,14.47541,15.765108
calc8,0.4,50000,200,0.6,1.8,5.5,0.468,22.16168,10.12446,14.01096,12.03722
calc8,0.4,50000,200,0.6,1.8,5.5,0.48,20.45901,10.91395,13.53784,9.54506
calc8,0.4,50000,200,0.6,1.8,5.5,0.492,18.75304,13.25142,13.07182,5.50162
calc8,0.4,50000,200,0.6,1.8,5.5,0.504,17.12489,14.18253,12.62731,2.94236
calc8,0.4,50000,200,0.6,1.8,5.5,0.516,15.62081,16.78143,12.24622,-1.16062
calc8,0.4,50000,200,0.6,1.8,5.5,0.528,14.12027,17.23254,11.85691,-3.11227
calc8,0.4,50000,200,0.6,1.8,5.5,0.54,12.61802,19.29456,11.47379,-6.67654
calc8,0.4,50000,200,0.6,1.8,5.5,0.552,11.38781,20.1802,11.15558,-8.79239
calc8,0.4,50000,200,0.6,1.8,5.5,0.564,10.69395,22.36442,10.98704,-11.67047
calc8,0.4,50000,200,0.6,1.8,5.5,0.576,10.00711,22.92547,10.81614,-12.91836
calc8,0.4,50000,200,0.6,1.8,5.5,0.588,9.308299,24.64953,10.64351,-15.341231
calc8,0.4,50000,200,0.6,1.8,5.5,0.6,8.626309,25.49102,10.47613,-16.864711
calc9,0.4,100000,200,0.6,1.8,5.5,0.0,-54.108,-28.0725,-39.9953,-26.0355
calc9,0.4,100000,200,0.6,1.8,5.5,0.0158,-81.6486,-12.7015,-65.2019,-68.9471
calc9,0.4,100000,200,0.6,1.8,5.5,0.0317,-132.453,3.206156,-118.727,-135.659156
calc9,0.4,100000,200,0.6,1.8,5.5,0.0475,-195.912,8.476463,-189.112,-204.388463
calc9,0.4,100000,200,0.6,1.8,5.5,0.0633,-268.934,5.096851,-265.307,-274.030851
calc9,0.4,100000,200,0.6,1.8,5.5,0.0792,-325.472,2.446974,-322.868,-327.918974
calc9,0.4,100000,200,0.6,1.8,5.5,0.095,-361.902,-1.86595,-356.385,-360.03605
calc9,0.4,100000,200,0.6,1.8,5.5,0.111,-385.974,-5.51609,-374.698,-380.45791
calc9,0.4,100000,200,0.6,1.8,5.5,0.127,-400.523,-10.2805,-382.758,-390.2425
calc9,0.4,100000,200,0.6,1.8,5.5,0.142,-406.722,-11.978,-384.176,-394.744
calc9,0.4,100000,200,0.6,1.8,5.5,0.158,-405.334,-14.5658,-380.097,-390.7682
calc9,0.4,100000,200,0.6,1.8,5.5,0.174,-400.147,-17.9488,-372.047,-382.1982
calc9,0.4,100000,200,0.6,1.8,5.5,0.19,-390.11,-18.7726,-358.783,-371.3374
calc9,0.4,100000,200,0.6,1.8,5.5,0.206,-374.013,-21.3903,-339.158,-352.6227
calc9,0.4,100000,200,0.6,1.8,5.5,0.222,-355.752,-22.0665,-317.099,-333.6855
calc9,0.4,100000,200,0.6,1.8,5.5,0.237,-333.767,-23.9221,-290.39,-309.8449
calc9,0.4,100000,200,0.6,1.8,5.5,0.253,-311.78,-24.5919,-263.341,-287.1881
calc9,0.4,100000,200,0.6,1.8,5.5,0.269,-284.67,-25.5846,-230.859,-259.0854
calc9,0.4,100000,200,0.6,1.8,5.5,0.285,-257.792,-26.202,-198.453,-231.59
calc9,0.4,100000,200,0.6,1.8,5.5,0.301,-227.622,-26.3469,-167.29,-201.2751
calc9,0.4,100000,200,0.6,1.8,5.5,0.317,-197.565,-26.923,-136.646,-170.642
calc9,0.4,100000,200,0.6,1.8,5.5,0.332,-169.634,-26.2455,-111.311,-143.3885
calc9,0.4,100000,200,0.6,1.8,5.5,0.348,-143.826,-26.6615,-89.4309,-117.1645
calc9,0.4,100000,200,0.6,1.8,5.5,0.364,-119.061,-25.4497,-69.124,-93.6113
calc9,0.4,100000,200,0.6,1.8,5.5,0.38,-100.63,-25.59,-55.247,-75.04
calc9,0.4,100000,200,0.6,1.8,5.5,0.396,-81.9286,-24.8607,-41.305,-57.0679
calc9,0.4,100000,200,0.6,1.8,5.5,0.412,-66.7231,-22.9813,-30.773,-43.7418
calc9,0.4,100000,200,0.6,1.8,5.5,0.427,-54.276,-22.6041,-22.4777,-31.6719
calc9,0.4,100000,200,0.6,1.8,5.5,0.443,-41.5982,-21.3817,-14.1308,-20.2165
calc9,0.4,100000,200,0.6,1.8,5.5,0.459,-32.0258,-19.1118,-8.73981,-12.914
calc9,0.4,100000,200,0.6,1.8,5.5,0.475,-23.4891,-18.0917,-4.05315,-5.3974
calc9,0.4,100000,200,0.6,1.8,5.5,0.491,-14.7816,-16.4062,0.668716,1.6246
calc9,0.4,100000,200,0.6,1.8,5.5,0.507,-8.41599,-13.9541,3.611285,5.53811
calc9,0.4,100000,200,0.6,1.8,5.5,0.522,-2.8824,-12.3733,6.05755,9.4909
calc9,0.4,100000,200,0.6,1.8,5.5,0.538,2.793526,-10.324,8.550756,13.117526
calc9,0.4,100000,200,0.6,1.8,5.5,0.554,7.032013,-7.8691,10.33272,14.901113
calc9,0.4,100000,200,0.6,1.8,5.5,0.57,9.971067,-5.87538,11.45401,15.846447
calc9,0.4,100000,200,0.6,1.8,5.5,0.586,13.01415,-3.60531,12.63331,16.61946
calc9,0.4,100000,200,0.6,1.8,5.5,0.602,15.88827,-1.1822,13.76984,17.07047
calc9,0.4,100000,200,0.6,1.8,5.5,0.617,16.56109,0.981365,13.95877,15.579725
calc9,0.4,100000,200,0.6,1.8,5.5,0.633,17.30815,3.293507,14.20388,14.014643
calc9,0.4,100000,200,0.6,1.8,5.5,0.649,18.05522,5.60565,14.44899,12.44957
calc9,0.4,100000,200,0.6,1.8,5.5,0.665,18.39568,7.960956,14.60317,10.434724
calc9,0.4,100000,200,0.6,1.8,5.5,0.681,17.91691,10.06988,14.47389,7.84703
calc9,0.4,100000,200,0.6,1.8,5.5,0.697,17.46552,12.26451,14.37738,5.20101
calc9,0.4,100000,200,0.6,1.8,5.5,0.712,17.01413,14.45915,14.28087,2.55498
calc9,0.4,100000,200,0.6,1.8,5.5,0.728,16.61042,16.35081,14.22463,0.259610000000002
calc9,0.4,100000,200,0.6,1.8,5.5,0.744,16.23246,17.34964,14.14774,-1.11718
calc9,0.4,100000,200,0.6,1.8,5.5,0.76,15.87185,18.42076,14.09613,-2.54891
calc9,0.4,100000,200,0.6,1.8,5.5,0.776,15.51124,19.49188,14.04451,-3.98064
calc9,0.4,100000,200,0.6,1.8,5.5,0.792,15.15063,20.56301,13.9929,-5.41238
calc10,0.4,85000,200,0.6,1.8,5.5,0.0,-36.1601,-32.352,-59.7496,-3.8081
calc10,0.4,85000,200,0.6,1.8,5.5,0.0148,-68.0933,-17.2683,-94.8841,-50.825
calc10,0.4,85000,200,0.6,1.8,5.5,0.0297,-123.63,-1.16228,-279.569,-122.46772
calc10,0.4,85000,200,0.6,1.8,5.5,0.0445,-192.279,0.192681,-341.345,-192.471681
calc10,0.4,85000,200,0.6,1.8,5.5,0.0593,-260.55,-2.91883,-333.75,-257.63117
calc10,0.4,85000,200,0.6,1.8,5.5,0.0742,-311.829,-5.7528,-351.909,-306.0762
calc10,0.4,85000,200,0.6,1.8,5.5,0.089,-344.478,-9.5881,-362.632,-334.8899
calc10,0.4,85000,200,0.6,1.8,5.5,0.104,-364.2,-13.6923,-367.988,-350.5077
calc10,0.4,85000,200,0.6,1.8,5.5,0.119,-376.176,-17.9746,-359.577,-358.2014
calc10,0.4,85000,200,0.6,1.8,5.5,0.134,-383.448,-21.8041,-367.155,-361.6439
calc10,0.4,85000,200,0.6,1.8,5.5,0.148,-387.045,-25.312,-362.515,-361.733
calc10,0.4,85000,200,0.6,1.8,5.5,0.163,-387.475,-28.6525,-357.182,-358.8225
calc10,0.4,85000,200,0.6,1.8,5.5,0.178,-382.935,-31.8231,-362.219,-351.1119
calc10,0.4,85000,200,0.6,1.8,5.5,0.193,-369.889,-34.6166,-346.021,-335.2724
calc10,0.4,85000,200,0.6,1.8,5.5,0.208,-352.917,-37.2276,-344.218,-315.6894
calc10,0.4,85000,200,0.6,1.8,5.5,0.223,-326.374,-39.0401,-307.419,-287.3339
calc10,0.4,85000,200,0.6,1.8,5.5,0.237,-298.35,-40.7677,-303.738,-257.5823
calc10,0.4,85000,200,0.6,1.8,5.5,0.252,-262.463,-41.3428,-242.854,-221.1202
calc10,0.4,85000,200,0.6,1.8,5.5,0.267,-225.703,-41.8309,-234.791,-183.8721
calc10,0.4,85000,200,0.6,1.8,5.5,0.282,-187.546,-41.2669,-168.382,-146.2791
calc10,0.4,85000,200,0.6,1.8,5.5,0.297,-148.587,-40.5074,-157.812,-108.0796
calc10,0.4,85000,200,0.6,1.8,5.5,0.312,-114.523,-39.114,-100.949,-75.409
calc10,0.4,85000,200,0.6,1.8,5.5,0.326,-82.6686,-37.2539,-93.2628,-45.4147
calc10,0.4,85000,200,0.6,1.8,5.5,0.341,-53.1862,-35.3053,-50.2829,-17.8809
calc10,0.4,85000,200,0.6,1.8,5.5,0.356,-30.9034,-32.7425,-45.8404,1.8391
calc10,0.4,85000,200,0.6,1.8,5.5,0.371,-8.80758,-30.2158,-20.0358,21.40822
calc10,0.4,85000,200,0.6,1.8,5.5,0.386,8.089575,-27.5308,-5.39532,35.620375
calc10,0.4,85000,200,0.6,1.8,5.5,0.401,21.84826,-24.7384,-1.83259,46.58666
calc10,0.4,85000,200,0.6,1.8,5.5,0.415,35.50703,-21.9457,11.36395,57.45273
calc10,0.4,85000,200,0.6,1.8,5.5,0.43,42.32976,-19.2508,16.44901,61.58056
calc10,0.4,85000,200,0.6,1.8,5.5,0.445,47.71497,-16.5915,17.98564,64.30647
calc10,0.4,85000,200,0.6,1.8,5.5,0.46,53.08399,-13.9148,22.00725,66.99879
calc10,0.4,85000,200,0.6,1.8,5.5,0.475,53.18421,-11.5305,21.86894,64.71471
calc10,0.4,85000,200,0.6,1.8,5.5,0.49,52.09861,-9.21945,21.25205,61.31806
calc10,0.4,85000,200,0.6,1.8,5.5,0.504,51.04181,-6.90218,20.05685,57.94399
calc10,0.4,85000,200,0.6,1.8,5.5,0.519,48.76544,-4.83616,18.8582,53.6016
calc10,0.4,85000,200,0.6,1.8,5.5,0.534,45.59982,-2.94445,18.36985,48.54427
calc10,0.4,85000,200,0.6,1.8,5.5,0.549,42.46823,-1.05913,17.03291,43.52736
calc10,0.4,85000,200,0.6,1.8,5.5,0.564,39.3503,0.780341,15.95885,38.569959
calc10,0.4,85000,200,0.6,1.8,5.5,0.579,36.42229,2.245181,15.59905,34.177109
calc10,0.4,85000,200,0.6,1.8,5.5,0.593,33.51503,3.694772,14.64329,29.820258
calc10,0.4,85000,200,0.6,1.8,5.5,0.608,30.58782,5.15905,14.15245,25.42877
calc10,0.4,85000,200,0.6,1.8,5.5,0.623,27.82063,6.454145,13.29745,21.366485
calc10,0.4,85000,200,0.6,1.8,5.5,0.638,25.2711,7.500708,12.96503,17.770392
calc10,0.4,85000,200,0.6,1.8,5.5,0.653,22.74231,8.529586,12.27008,14.212724
calc10,0.4,85000,200,0.6,1.8,5.5,0.668,20.19681,9.57441,11.81909,10.6224
calc10,0.4,85000,200,0.6,1.8,5.5,0.682,18.11832,10.39959,11.23252,7.71873
calc10,0.4,85000,200,0.6,1.8,5.5,0.697,16.94916,10.81278,10.65195,6.13638
calc10,0.4,85000,200,0.6,1.8,5.5,0.712,15.77163,11.22607,10.18928,4.54556
calc10,0.4,85000,200,0.6,1.8,5.5,0.727,14.60428,11.64477,9.601834,2.95951
calc10,0.4,85000,200,0.6,1.8,5.5,0.742,13.42472,12.05374,9.247197,1.37098
calc11,0.4,70000,100,0.6,1.8,5.5,0.0,-130.241,-11.71,-154.879,-118.531
calc11,0.4,70000,100,0.6,1.8,5.5,0.0137,-175.07,-616.271,-202.983,441.201
calc11,0.4,70000,100,0.6,1.8,5.5,0.0275,-248.671,-17.9971,-276.173,-230.6739
calc11,0.4,70000,100,0.6,1.8,5.5,0.0412,-310.193,0.173824,-330.34,-310.366824
calc11,0.4,70000,100,0.6,1.8,5.5,0.0549,-350.346,-3.50433,-363.406,-346.84167
calc11,0.4,70000,100,0.6,1.8,5.5,0.0686,-374.302,-5.83786,-383.005,-368.46414
calc11,0.4,70000,100,0.6,1.8,5.5,0.0824,-384.504,-9.32715,-389.036,-375.17685
calc11,0.4,70000,100,0.6,1.8,5.5,0.0961,-386.642,-12.3111,-385.309,-374.3309
calc11,0.4,70000,100,0.6,1.8,5.5,0.11,-384.798,-14.6994,-375.846,-370.0986
calc11,0.4,70000,100,0.6,1.8,5.5,0.124,-380.99,-16.5408,-362.485,-364.4492
calc11,0.4,70000,100,0.6,1.8,5.5,0.137,-375.545,-17.188,-346.608,-358.357
calc11,0.4,70000,100,0.6,1.8,5.5,0.151,-365.736,-17.2334,-327.907,-348.5026
calc11,0.4,70000,100,0.6,1.8,5.5,0.165,-348.121,-17.0494,-304.422,-331.0716
calc11,0.4,70000,100,0.6,1.8,5.5,0.178,-319.628,-16.3718,-275.757,-303.2562
calc11,0.4,70000,100,0.6,1.8,5.5,0.192,-285.65,-15.3156,-244.447,-270.3344
calc11,0.4,70000,100,0.6,1.8,5.5,0.206,-244.119,-14.0273,-210.466,-230.0917
calc11,0.4,70000,100,0.6,1.8,5.5,0.22,-200.992,-12.2379,-175.79,-188.7541
calc11,0.4,70000,100,0.6,1.8,5.5,0.233,-158.004,-10.392,-142.153,-147.612
calc11,0.4,70000,100,0.6,1.8,5.5,0.247,-114.451,-8.00641,-108.268,-106.44459
calc11,0.4,70000,100,0.6,1.8,5.5,0.261,-77.6287,-5.66704,-80.5169,-71.96166
calc11,0.4,70000,100,0.6,1.8,5.5,0.275,-41.2848,-2.95452,-53.4676,-38.33028
calc11,0.4,70000,100,0.6,1.8,5.5,0.288,-12.5751,-0.27566,-32.5085,-12.29944
calc11,0.4,70000,100,0.6,1.8,5.5,0.302,12.1256,2.4873,-15.004,9.6383
calc11,0.4,70000,100,0.6,1.8,5.5,0.316,34.08801,5.20246,0.718078,28.88555
calc11,0.4,70000,100,0.6,1.8,5.5,0.329,47.067,7.929216,10.11457,39.137784
calc11,0.4,70000,100,0.6,1.8,5.5,0.343,59.92306,10.45145,19.50392,49.47161
calc11,0.4,70000,100,0.6,1.8,5.5,0.357,66.61108,13.00343,24.98464,53.60765
calc11,0.4,70000,100,0.6,1.8,5.5,0.371,69.4786,15.34829,28.05233,54.13031
calc11,0.4,70000,100,0.6,1.8,5.5,0.384,72.31725,17.57807,31.1251,54.73918
calc11,0.4,70000,100,0.6,1.8,5.5,0.398,70.54018,19.80337,31.36202,50.73681
calc11,0.4,70000,100,0.6,1.8,5.5,0.412,67.77626,21.73853,30.99377,46.03773
calc11,0.4,70000,100,0.6,1.8,5.5,0.426,65.02237,23.61549,30.63405,41.40688
calc11,0.4,70000,100,0.6,1.8,5.5,0.439,61.67822,25.4871,29.87206,36.19112
calc11,0.4,70000,100,0.6,1.8,5.5,0.453,58.19294,27.08546,29.01699,31.10748
calc11,0.4,70000,100,0.6,1.8,5.5,0.467,54.72919,28.6232,28.17155,26.10599
calc11,0.4,70000,100,0.6,1.8,5.5,0.48,51.54572,30.16213,27.41344,21.38359
calc11,0.4,70000,100,0.6,1.8,5.5,0.494,48.55542,31.52339,26.71515,17.03203
calc11,0.4,70000,100,0.6,1.8,5.5,0.508,45.58674,32.75676,26.02616,12.82998
calc11,0.4,70000,100,0.6,1.8,5.5,0.522,42.66083,33.99587,25.34656,8.66496
calc11,0.4,70000,100,0.6,1.8,5.5,0.535,40.16338,35.20577,24.77336,4.95761
calc11,0.4,70000,100,0.6,1.8,5.5,0.549,37.68396,36.17543,24.20894,1.50853
calc11,0.4,70000,100,0.6,1.8,5.5,0.563,35.18904,37.15504,23.6365,-1.966
calc11,0.4,70000,100,0.6,1.8,5.5,0.577,32.87413,38.12443,23.11015,-5.2503
calc11,0.4,70000,100,0.6,1.8,5.5,0.59,30.83692,39.02648,22.64198,-8.18956
calc11,0.4,70000,100,0.6,1.8,5.5,0.604,28.81091,39.7736,22.18175,-10.96269
calc11,0.4,70000,100,0.6,1.8,5.5,0.618,26.77615,40.53625,21.71411,-13.7601
calc11,0.4,70000,100,0.6,1.8,5.5,0.631,25.12292,41.28237,21.33597,-16.15945
calc11,0.4,70000,100,0.6,1.8,5.5,0.645,24.22239,41.89641,21.12965,-17.67402
calc11,0.4,70000,100,0.6,1.8,5.5,0.659,23.31849,42.23356,20.91859,-18.91507
calc11,0.4,70000,100,0.6,1.8,5.5,0.673,22.41813,42.55915,20.71276,-20.14102
calc11,0.4,70000,100,0.6,1.8,5.5,0.686,21.5134,42.8955,20.50072,-21.3821
calc12,0.4,70000,300,0.6,1.8,5.5,0.0,-41.6647,-28.4627,-58.0137,-13.202
calc12,0.4,70000,300,0.6,1.8,5.5,0.0137,-73.2143,-11.2592,-124.099,-61.9551
calc12,0.4,70000,300,0.6,1.8,5.5,0.0275,-141.37,-0.53095,-226.197,-140.83905
calc12,0.4,70000,300,0.6,1.8,5.5,0.0412,-219.075,-2.88139,-297.623,-216.19361
calc12,0.4,70000,300,0.6,1.8,5.5,0.0549,-285.45,-29.6518,-339.188,-255.7982
calc12,0.4,70000,300,0.6,1.8,5.5,0.0686,-330.291,0.469293,-376.686,-330.760293
calc12,0.4,70000,300,0.6,1.8,5.5,0.0824,-355.441,-19.436,-407.713,-336.005
calc12,0.4,70000,300,0.6,1.8,5.5,0.0961,-370.173,-55.8298,-423.864,-314.3432
calc12,0.4,70000,300,0.6,1.8,5.5,0.11,-378.302,-74.3956,-405.917,-303.9064
calc12,0.4,70000,300,0.6,1.8,5.5,0.124,-381.35,-98.2949,-392.471,-283.0551
calc12,0.4,70000,300,0.6,1.8,5.5,0.137,-380.928,-100.626,-395.058,-280.302
calc12,0.4,70000,300,0.6,1.8,5.5,0.151,-377.994,-111.819,-363.253,-266.175
calc12,0.4,70000,300,0.6,1.8,5.5,0.165,-371.816,-96.7962,-359.118,-275.0198
calc12,0.4,70000,300,0.6,1.8,5.5,0.178,-356.959,-103.342,-317.632,-253.617
calc12,0.4,70000,300,0.6,1.8,5.5,0.192,-338.885,-88.3059,-304.18,-250.5791
calc12,0.4,70000,300,0.6,1.8,5.5,0.206,-308.871,-88.9936,-258.989,-219.8774
calc12,0.4,70000,300,0.6,1.8,5.5,0.22,-278.04,-78.2417,-250.709,-199.7983
calc12,0.4,70000,300,0.6,1.8,5.5,0.233,-243.662,-77.1036,-209.752,-166.5584
calc12,0.4,70000,300,0.6,1.8,5.5,0.247,-209.702,-72.9419,-206.447,-136.7601
calc12,0.4,70000,300,0.6,1.8,5.5,0.261,-180.941,-67.4533,-170.834,-113.4877
calc12,0.4,70000,300,0.6,1.8,5.5,0.275,-153.484,-64.8777,-172.657,-88.6063
calc12,0.4,70000,300,0.6,1.8,5.5,0.288,-130.613,-61.0372,-142.697,-69.5758
calc12,0.4,70000,300,0.6,1.8,5.5,0.302,-111.088,-58.7149,-130.049,-52.3731
calc12,0.4,70000,300,0.6,1.8,5.5,0.316,-92.6122,-56.3124,-134.416,-36.2998
calc12,0.4,70000,300,0.6,1.8,5.5,0.329,-78.5172,-52.3828,-106.712,-26.1344
calc12,0.4,70000,300,0.6,1.8,5.5,0.343,-64.7151,-50.7439,-95.9635,-13.9712
calc12,0.4,70000,300,0.6,1.8,5.5,0.357,-52.3407,-48.262,-99.7534,-4.0787
calc12,0.4,70000,300,0.6,1.8,5.5,0.371,-40.8332,-45.2746,-75.6022,4.4414
calc12,0.4,70000,300,0.6,1.8,5.5,0.384,-29.5324,-43.6712,-66.6072,14.1388
calc12,0.4,70000,300,0.6,1.8,5.5,0.398,-19.2236,-41.7262,-68.8944,22.5026
calc12,0.4,70000,300,0.6,1.8,5.5,0.412,-9.0795,-39.7577,-49.12,30.6782
calc12,0.4,70000,300,0.6,1.8,5.5,0.426,0.92993,-37.9848,-41.3354,38.91473
calc12,0.4,70000,300,0.6,1.8,5.5,0.439,9.557946,-36.5552,-42.0149,46.113146
calc12,0.4,70000,300,0.6,1.8,5.5,0.453,17.90469,-35.4278,-26.1889,53.33249
calc12,0.4,70000,300,0.6,1.8,5.5,0.467,26.17554,-33.8906,-19.7202,60.06614
calc12,0.4,70000,300,0.6,1.8,5.5,0.48,33.3926,-32.7519,-19.6003,66.1445
calc12,0.4,70000,300,0.6,1.8,5.5,0.494,39.85057,-31.5486,-8.89908,71.39917
calc12,0.4,70000,300,0.6,1.8,5.5,0.508,46.28625,-30.7613,-2.85398,77.04755
calc12,0.4,70000,300,0.6,1.8,5.5,0.522,52.50696,-29.7433,-2.38942,82.25026
calc12,0.4,70000,300,0.6,1.8,5.5,0.535,56.89608,-27.9803,4.505411,84.87638
calc12,0.4,70000,300,0.6,1.8,5.5,0.549,61.28492,-27.6171,6.499279,88.90202
calc12,0.4,70000,300,0.6,1.8,5.5,0.563,65.6648,-25.6251,11.80516,91.2899
calc12,0.4,70000,300,0.6,1.8,5.5,0.577,69.13193,-25.5824,12.3229,94.71433
calc12,0.4,70000,300,0.6,1.8,5.5,0.59,70.96175,-23.2259,15.19052,94.18765
calc12,0.4,70000,300,0.6,1.8,5.5,0.604,72.80182,-23.1528,16.71119,95.95462
calc12,0.4,70000,300,0.6,1.8,5.5,0.618,74.63291,-20.806,18.28923,95.43891
calc12,0.4,70000,300,0.6,1.8,5.5,0.631,75.91893,-19.7147,18.41484,95.63363
calc12,0.4,70000,300,0.6,1.8,5.5,0.645,76.12454,-20.327,19.70406,96.45154
calc12,0.4,70000,300,0.6,1.8,5.5,0.659,76.30212,-18.157,18.81528,94.45912
calc12,0.4,70000,300,0.6,1.8,5.5,0.673,76.50594,-18.3258,27.77551,94.83174
calc13,0.4,70000,150,0.6,1.8,5.5,0.0,-134.508,-26.311,-115.708,-108.197
calc13,0.4,70000,150,0.6,1.8,5.5,0.0137,-173.929,-6.73721,-160.237,-167.19179
calc13,0.4,70000,150,0.6,1.8,5.5,0.0275,-243.005,5.548317,-238.786,-248.553317
calc13,0.4,70000,150,0.6,1.8,5.5,0.0412,-304.688,1.564835,-311.378,-306.252835
calc13,0.4,70000,150,0.6,1.8,5.5,0.0549,-347.941,-2.22962,-361.274,-345.71138
calc13,0.4,70000,150,0.6,1.8,5.5,0.0686,-376.178,-5.84827,-387.046,-370.32973
calc13,0.4,70000,150,0.6,1.8,5.5,0.0824,-394.545,-9.98569,-397.439,-384.55931
calc13,0.4,70000,150,0.6,1.8,5.5,0.0961,-406.522,-14.2541,-400.275,-392.2679
calc13,0.4,70000,150,0.6,1.8,5.5,0.11,-413.321,-18.3823,-398.633,-394.9387
calc13,0.4,70000,150,0.6,1.8,5.5,0.124,-416.183,-23.0028,-394.719,-393.1802
calc13,0.4,70000,150,0.6,1.8,5.5,0.137,-413.844,-27.1539,-387.993,-386.6901
calc13,0.4,70000,150,0.6,1.8,5.5,0.151,-408.653,-30.8276,-378.353,-377.8254
calc13,0.4,70000,150,0.6,1.8,5.5,0.165,-399.761,-34.601,-364.536,-365.16
calc13,0.4,70000,150,0.6,1.8,5.5,0.178,-383.48,-37.15,-343.249,-346.33
calc13,0.4,70000,150,0.6,1.8,5.5,0.192,-363.898,-39.9381,-318.778,-323.9599
calc13,0.4,70000,150,0.6,1.8,5.5,0.206,-331.415,-41.0223,-283.745,-290.3927
calc13,0.4,70000,150,0.6,1.8,5.5,0.22,-296.903,-42.362,-247.182,-254.541
calc13,0.4,70000,150,0.6,1.8,5.5,0.233,-253.806,-42.016,-207.219,-211.79
calc13,0.4,70000,150,0.6,1.8,5.5,0.247,-209.616,-41.9455,-166.664,-167.6705
calc13,0.4,70000,150,0.6,1.8,5.5,0.261,-167.432,-40.6641,-132.831,-126.7679
calc13,0.4,70000,150,0.6,1.8,5.5,0.275,-124.566,-39.4913,-99.3663,-85.0747
calc13,0.4,70000,150,0.6,1.8,5.5,0.288,-88.2053,-37.7376,-73.0693,-50.4677
calc13,0.4,70000,150,0.6,1.8,5.5,0.302,-54.3342,-35.884,-50.1322,-18.4502
calc13,0.4,70000,150,0.6,1.8,5.5,0.316,-23.6859,-33.8989,-29.7098,10.213
calc13,0.4,70000,150,0.6,1.8,5.5,0.329,-1.30887,-31.8243,-16.289,30.51543
calc13,0.4,70000,150,0.6,1.8,5.5,0.343,20.53389,-29.7263,-3.18322,50.26019
calc13,0.4,70000,150,0.6,1.8,5.5,0.357,35.74952,-27.7322,5.46633,63.48172
calc13,0.4,70000,150,0.6,1.8,5.5,0.371,47.02479,-25.7852,11.44751,72.80999
calc13,0.4,70000,150,0.6,1.8,5.5,0.384,57.98464,-23.8579,17.25682,81.84254
calc13,0.4,70000,150,0.6,1.8,5.5,0.398,61.40401,-22.2116,18.89727,83.61561
calc13,0.4,70000,150,0.6,1.8,5.5,0.412,63.27808,-20.611,19.68107,83.88908
calc13,0.4,70000,150,0.6,1.8,5.5,0.426,65.07027,-19.0302,20.42219,84.10047
calc13,0.4,70000,150,0.6,1.8,5.5,0.439,63.72884,-17.7617,19.70363,81.49054
calc13,0.4,70000,150,0.6,1.8,5.5,0.453,61.65637,-16.5557,18.64449,78.21207
calc13,0.4,70000,150,0.6,1.8,5.5,0.467,59.6293,-15.3635,17.60484,74.9928
calc13,0.4,70000,150,0.6,1.8,5.5,0.48,57.55226,-14.367,16.65348,71.91926
calc13,0.4,70000,150,0.6,1.8,5.5,0.494,55.4088,-13.5061,15.75222,68.9149
calc13,0.4,70000,150,0.6,1.8,5.5,0.508,53.31562,-12.6562,14.8708,65.97182
calc13,0.4,70000,150,0.6,1.8,5.5,0.522,51.23796,-11.8313,14.00642,63.06926
calc13,0.4,70000,150,0.6,1.8,5.5,0.535,49.40203,-11.2466,13.33327,60.64863
calc13,0.4,70000,150,0.6,1.8,5.5,0.549,47.5964,-10.6674,12.66981,58.2638
calc13,0.4,70000,150,0.6,1.8,5.5,0.563,45.76729,-10.0852,11.99891,55.85249
calc13,0.4,70000,150,0.6,1.8,5.5,0.577,44.06164,-9.5818,11.38855,53.64344
calc13,0.4,70000,150,0.6,1.8,5.5,0.59,42.50647,-9.21039,10.86442,51.71686
calc13,0.4,70000,150,0.6,1.8,5.5,0.604,40.97117,-8.83968,10.34623,49.81085
calc13,0.4,70000,150,0.6,1.8,5.5,0.618,39.42075,-8.46973,9.823503,47.89048
calc13,0.4,70000,150,0.6,1.8,5.5,0.631,38.15819,-8.17697,9.400221,46.33516
calc13,0.4,70000,150,0.6,1.8,5.5,0.645,37.45804,-8.04005,9.170616,45.49809
calc13,0.4,70000,150,0.6,1.8,5.5,0.659,36.75191,-7.90058,8.943006,44.65249
calc13,0.4,70000,150,0.6,1.8,5.5,0.673,36.04503,-7.76564,8.708395,43.81067
calc13,0.4,70000,150,0.6,1.8,5.5,0.686,35.34418,-7.62442,8.485117,42.9686
calc18,0.4,70000,200,0.6,1.8,5.0,0.0,-64.8131,-21.0346,-72.8291,-43.7785
calc18,0.4,70000,200,0.6,1.8,5.0,0.0137,-102.364,-3.66321,-114.846,-98.70079
calc18,0.4,70000,200,0.6,1.8,5.0,0.0275,-176.002,8.697344,-193.333,-184.699344
calc18,0.4,70000,200,0.6,1.8,5.0,0.0412,-245.547,6.831792,-266.296,-252.378792
calc18,0.4,70000,200,0.6,1.8,5.0,0.0549,-293.216,5.662237,-314.946,-298.878237
calc18,0.4,70000,200,0.6,1.8,5.0,0.0686,-325.104,5.43936,-343.295,-330.54336
calc18,0.4,70000,200,0.6,1.8,5.0,0.0824,-346.112,3.45442,-359.431,-349.56642
calc18,0.4,70000,200,0.6,1.8,5.0,0.0961,-356.426,1.44026,-365.359,-357.86626
calc18,0.4,70000,200,0.6,1.8,5.0,0.11,-359.444,-0.59298,-363.864,-358.85102
calc18,0.4,70000,200,0.6,1.8,5.0,0.124,-356.72,-3.06626,-356.372,-353.65374
calc18,0.4,70000,200,0.6,1.8,5.0,0.137,-352.526,-6.0579,-347.665,-346.4681
calc18,0.4,70000,200,0.6,1.8,5.0,0.151,-347.269,-8.94429,-338.446,-338.32471
calc18,0.4,70000,200,0.6,1.8,5.0,0.165,-341.253,-12.2988,-329.48,-328.9542
calc18,0.4,70000,200,0.6,1.8,5.0,0.178,-326.294,-15.1381,-310.385,-311.1559
calc18,0.4,70000,200,0.6,1.8,5.0,0.192,-307.138,-18.186,-286.91,-288.952
calc18,0.4,70000,200,0.6,1.8,5.0,0.206,-272.751,-20.1858,-250.083,-252.5652
calc18,0.4,70000,200,0.6,1.8,5.0,0.22,-235.885,-22.2925,-211.327,-213.5925
calc18,0.4,70000,200,0.6,1.8,5.0,0.233,-193.08,-23.209,-173.356,-169.871
calc18,0.4,70000,200,0.6,1.8,5.0,0.247,-149.294,-24.1929,-135.036,-125.1011
calc18,0.4,70000,200,0.6,1.8,5.0,0.261,-110.788,-24.2946,-105.828,-86.4934
calc18,0.4,70000,200,0.6,1.8,5.0,0.275,-72.3955,-24.3976,-77.6142,-47.9979
calc18,0.4,70000,200,0.6,1.8,5.0,0.288,-42.2219,-24.0272,-56.5906,-18.1947
calc18,0.4,70000,200,0.6,1.8,5.0,0.302,-16.1612,-23.5446,-39.4537,7.3834
calc18,0.4,70000,200,0.6,1.8,5.0,0.316,6.989721,-22.9296,-24.1322,29.919321
calc18,0.4,70000,200,0.6,1.8,5.0,0.329,21.20614,-22.1265,-14.5928,43.33264
calc18,0.4,70000,200,0.6,1.8,5.0,0.343,35.19767,-21.2856,-5.17827,56.48327
calc18,0.4,70000,200,0.6,1.8,5.0,0.357,44.86866,-20.3848,1.887558,65.25346
calc18,0.4,70000,200,0.6,1.8,5.0,0.371,51.92576,-19.4247,7.536042,71.35046
calc18,0.4,70000,200,0.6,1.8,5.0,0.384,58.86826,-18.4625,13.10553,77.33076
calc18,0.4,70000,200,0.6,1.8,5.0,0.398,62.00734,-17.5164,16.29681,79.52374
calc18,0.4,70000,200,0.6,1.8,5.0,0.412,64.35202,-16.5448,19.00354,80.89682
calc18,0.4,70000,200,0.6,1.8,5.0,0.426,66.65458,-15.6001,21.66858,82.25468
calc18,0.4,70000,200,0.6,1.8,5.0,0.439,66.45178,-14.791,22.33505,81.24278
calc18,0.4,70000,200,0.6,1.8,5.0,0.453,65.68672,-13.989,22.56531,79.67572
calc18,0.4,70000,200,0.6,1.8,5.0,0.467,64.92479,-13.2144,22.78338,78.13919
calc18,0.4,70000,200,0.6,1.8,5.0,0.48,63.47091,-12.5807,22.38847,76.05161
calc18,0.4,70000,200,0.6,1.8,5.0,0.494,61.51057,-12.0371,21.5546,73.54767
calc18,0.4,70000,200,0.6,1.8,5.0,0.508,59.57319,-11.5138,20.72307,71.08699
calc18,0.4,70000,200,0.6,1.8,5.0,0.522,57.63931,-11.0125,19.88542,68.65181
calc18,0.4,70000,200,0.6,1.8,5.0,0.535,55.78611,-10.7397,18.99628,66.52581
calc18,0.4,70000,200,0.6,1.8,5.0,0.549,53.95179,-10.4811,18.11048,64.43289
calc18,0.4,70000,200,0.6,1.8,5.0,0.563,52.10357,-10.2113,17.22299,62.31487
calc18,0.4,70000,200,0.6,1.8,5.0,0.577,50.40995,-10.0386,16.39282,60.44855
calc18,0.4,70000,200,0.6,1.8,5.0,0.59,48.94197,-10.0071,15.65333,58.94907
calc18,0.4,70000,200,0.6,1.8,5.0,0.604,47.48704,-9.98465,14.91675,57.47169
calc18,0.4,70000,200,0.6,1.8,5.0,0.618,46.02431,-9.95488,14.17903,55.97919
calc18,0.4,70000,200,0.6,1.8,5.0,0.631,44.84125,-9.95195,13.57633,54.7932
calc18,0.4,70000,200,0.6,1.8,5.0,0.645,44.19901,-9.98931,13.23879,54.18832
calc18,0.4,70000,200,0.6,1.8,5.0,0.659,43.56197,-10.0268,12.90318,53.58877
calc18,0.4,70000,200,0.6,1.8,5.0,0.673,42.91759,-10.0651,12.56483,52.98269
calc21,0.4,70000,200,0.6,2.3,5.5,0.0,-124.422,-26.3763,-106.267,-98.0457
calc21,0.4,70000,200,0.6,2.3,5.5,0.0137,-166.689,-9.6476,-139.064,-157.0414
calc21,0.4,70000,200,0.6,2.3,5.5,0.0275,-238.178,109.481,-196.762,-347.659
calc21,0.4,70000,200,0.6,2.3,5.5,0.0412,-306.469,-46.5067,-260.669,-259.9623
calc21,0.4,70000,200,0.6,2.3,5.5,0.0549,-361.644,-2.67731,-317.406,-358.96669
calc21,0.4,70000,200,0.6,2.3,5.5,0.0686,-395.411,21.87692,-354.976,-417.28792
calc21,0.4,70000,200,0.6,2.3,5.5,0.0824,-408.063,26.47502,-375.592,-434.53802
calc21,0.4,70000,200,0.6,2.3,5.5,0.0961,-409.736,6.074519,-384.937,-415.810519
calc21,0.4,70000,200,0.6,2.3,5.5,0.11,-404.114,-8.91333,-385.517,-395.20067
calc21,0.4,70000,200,0.6,2.3,5.5,0.124,-393.566,-24.5268,-378.453,-369.0392
calc21,0.4,70000,200,0.6,2.3,5.5,0.137,-383.061,-12.0451,-366.705,-371.0159
calc21,0.4,70000,200,0.6,2.3,5.5,0.151,-372.554,-21.1872,-353.627,-351.3668
calc21,0.4,70000,200,0.6,2.3,5.5,0.165,-362.1,-51.9993,-338.974,-310.1007
calc21,0.4,70000,200,0.6,2.3,5.5,0.178,-341.763,-44.6747,-316.349,-297.0883
calc21,0.4,70000,200,0.6,2.3,5.5,0.192,-316.63,-71.4099,-289.808,-245.2201
calc21,0.4,70000,200,0.6,2.3,5.5,0.206,-275.51,-63.9558,-253.024,-211.5542
calc21,0.4,70000,200,0.6,2.3,5.5,0.22,-231.584,-81.5174,-214.312,-150.0666
calc21,0.4,70000,200,0.6,2.3,5.5,0.233,-186.57,-74.7435,-177.314,-111.8265
calc21,0.4,70000,200,0.6,2.3,5.5,0.247,-140.625,-83.9642,-139.75,-56.6608
calc21,0.4,70000,200,0.6,2.3,5.5,0.261,-105.217,-73.687,-111.463,-31.53
calc21,0.4,70000,200,0.6,2.3,5.5,0.275,-70.6408,-80.713,-84.0512,10.0722
calc21,0.4,70000,200,0.6,2.3,5.5,0.288,-43.5933,-70.0986,-63.1229,26.5053
calc21,0.4,70000,200,0.6,2.3,5.5,0.302,-20.2412,-74.5306,-45.5368,54.2894
calc21,0.4,70000,200,0.6,2.3,5.5,0.316,0.80235,-65.7612,-29.6422,66.56355
calc21,0.4,70000,200,0.6,2.3,5.5,0.329,15.02304,-67.8218,-18.9069,82.84484
calc21,0.4,70000,200,0.6,2.3,5.5,0.343,29.02573,-60.9417,-8.30919,89.96743
calc21,0.4,70000,200,0.6,2.3,5.5,0.357,38.50361,-60.7578,-0.64428,99.26141
calc21,0.4,70000,200,0.6,2.3,5.5,0.371,45.18648,-58.5075,5.203488,103.69398
calc21,0.4,70000,200,0.6,2.3,5.5,0.384,51.77414,-53.739,10.99181,105.51314
calc21,0.4,70000,200,0.6,2.3,5.5,0.398,54.96226,-52.3383,14.39572,107.30056
calc21,0.4,70000,200,0.6,2.3,5.5,0.412,57.42532,-50.5686,17.29062,107.99392
calc21,0.4,70000,200,0.6,2.3,5.5,0.426,59.87334,-47.09,20.17884,106.96334
calc21,0.4,70000,200,0.6,2.3,5.5,0.439,60.01003,-45.9419,21.25324,105.95193
calc21,0.4,70000,200,0.6,2.3,5.5,0.453,59.62332,-44.4258,21.91958,104.04912
calc21,0.4,70000,200,0.6,2.3,5.5,0.467,59.25597,-41.2585,22.60103,100.51447
calc21,0.4,70000,200,0.6,2.3,5.5,0.48,57.94435,-40.5181,22.53235,98.46245
calc21,0.4,70000,200,0.6,2.3,5.5,0.494,55.9551,-39.0236,21.92975,94.9787
calc21,0.4,70000,200,0.6,2.3,5.5,0.508,53.99099,-36.049,21.34383,90.03999
calc21,0.4,70000,200,0.6,2.3,5.5,0.522,52.00974,-35.4633,20.73822,87.47304
calc21,0.4,70000,200,0.6,2.3,5.5,0.535,49.95339,-33.9392,20.02337,83.89259
calc21,0.4,70000,200,0.6,2.3,5.5,0.549,47.92145,-31.1425,19.32379,79.06395
calc21,0.4,70000,200,0.6,2.3,5.5,0.563,45.86778,-30.6337,18.61071,76.50148
calc21,0.4,70000,200,0.6,2.3,5.5,0.577,43.94027,-28.0203,17.96635,71.96057
calc21,0.4,70000,200,0.6,2.3,5.5,0.59,42.16925,-27.815,17.39833,69.98425
calc21,0.4,70000,200,0.6,2.3,5.5,0.604,40.41956,-25.0506,16.84594,65.47016
calc21,0.4,70000,200,0.6,2.3,5.5,0.618,38.65196,-24.7683,16.27974,63.42026
calc21,0.4,70000,200,0.6,2.3,5.5,0.631,37.21947,-22.1523,15.83176,59.37177
calc21,0.4,70000,200,0.6,2.3,5.5,0.645,36.40683,-21.7802,15.58199,58.18703
calc21,0.4,70000,200,0.6,2.3,5.5,0.659,35.61219,-19.8198,15.34228,55.43199
calc21,0.4,70000,200,0.6,2.3,5.5,0.673,34.79432,-19.3208,15.09199,54.11512
calc21,0.4,70000,200,0.6,2.3,5.5,0.686,34.00488,-17.3012,14.85275,51.30608
calc22,0.4,70000,200,0.6,1.8,7.0,0.0,-67.9986,-18.5738,-108.155,-49.4248
calc22,0.4,70000,200,0.6,1.8,7.0,0.0137,-105.971,808.215,-153.728,-914.186
calc22,0.4,70000,200,0.6,1.8,7.0,0.0275,-184.718,56.23567,-241.166,-240.95367
calc22,0.4,70000,200,0.6,1.8,7.0,0.0412,-259.009,-0.89248,-318.588,-258.11652
calc22,0.4,70000,200,0.6,1.8,7.0,0.0549,-312.191,-9.36557,-367.338,-302.82543
calc22,0.4,70000,200,0.6,1.8,7.0,0.0686,-348.735,-14.5338,-392.219,-334.2012
calc22,0.4,70000,200,0.6,1.8,7.0,0.0824,-368.523,-20.8233,-399.368,-347.6997
calc22,0.4,70000,200,0.6,1.8,7.0,0.0961,-379.708,-27.8132,-398.84,-351.8948
calc22,0.4,70000,200,0.6,1.8,7.0,0.11,-383.787,-34.1391,-393.023,-349.6479
calc22,0.4,70000,200,0.6,1.8,7.0,0.124,-382.43,-39.1421,-385.039,-343.2879
calc22,0.4,70000,200,0.6,1.8,7.0,0.137,-374.901,-43.9586,-374.749,-330.9424
calc22,0.4,70000,200,0.6,1.8,7.0,0.151,-363.729,-47.1547,-361.47,-316.5743
calc22,0.4,70000,200,0.6,1.8,7.0,0.165,-347.462,-49.4509,-344.106,-298.0111
calc22,0.4,70000,200,0.6,1.8,7.0,0.178,-324.157,-51.7505,-319.836,-272.4065
calc22,0.4,70000,200,0.6,1.8,7.0,0.192,-297.12,-52.6939,-292.412,-244.4261
calc22,0.4,70000,200,0.6,1.8,7.0,0.206,-263.011,-53.8,-258.723,-209.211
calc22,0.4,70000,200,0.6,1.8,7.0,0.22,-227.027,-53.4392,-223.723,-173.5878
calc22,0.4,70000,200,0.6,1.8,7.0,0.233,-188.551,-53.2789,-189.832,-135.2721
calc22,0.4,70000,200,0.6,1.8,7.0,0.247,-149.099,-51.7081,-155.536,-97.3909
calc22,0.4,70000,200,0.6,1.8,7.0,0.261,-114.156,-50.3659,-128.556,-63.7901
calc22,0.4,70000,200,0.6,1.8,7.0,0.275,-79.1949,-48.0592,-102.343,-31.1357
calc22,0.4,70000,200,0.6,1.8,7.0,0.288,-49.8498,-45.8811,-81.3266,-3.9687
calc22,0.4,70000,200,0.6,1.8,7.0,0.302,-23.0988,-43.2417,-63.0616,20.1429
calc22,0.4,70000,200,0.6,1.8,7.0,0.316,1.645848,-40.5989,-46.0977,42.244748
calc22,0.4,70000,200,0.6,1.8,7.0,0.329,20.83175,-37.8193,-33.0469,58.65105
calc22,0.4,70000,200,0.6,1.8,7.0,0.343,39.74152,-35.0379,-20.1377,74.77942
calc22,0.4,70000,200,0.6,1.8,7.0,0.357,54.25615,-32.1912,-9.53541,86.44735
calc22,0.4,70000,200,0.6,1.8,7.0,0.371,66.08444,-29.4688,-0.35376,95.55324
calc22,0.4,70000,200,0.6,1.8,7.0,0.384,77.77675,-26.823,8.761483,104.59975
calc22,0.4,70000,200,0.6,1.8,7.0,0.398,84.17438,-24.1426,14.78761,108.31698
calc22,0.4,70000,200,0.6,1.8,7.0,0.412,89.45709,-21.7985,20.15367,111.25559
calc22,0.4,70000,200,0.6,1.8,7.0,0.426,94.71249,-19.5242,25.5166,114.23669
calc22,0.4,70000,200,0.6,1.8,7.0,0.439,96.12639,-17.2423,27.97712,113.36869
calc22,0.4,70000,200,0.6,1.8,7.0,0.453,96.67649,-15.3966,29.78635,112.07309
calc22,0.4,70000,200,0.6,1.8,7.0,0.467,97.24258,-13.6395,31.61122,110.88208
calc22,0.4,70000,200,0.6,1.8,7.0,0.48,96.09138,-11.8891,31.99694,107.98048
calc22,0.4,70000,200,0.6,1.8,7.0,0.494,93.70685,-10.4479,31.35952,104.15475
calc22,0.4,70000,200,0.6,1.8,7.0,0.508,91.34746,-9.21781,30.7348,100.56527
calc22,0.4,70000,200,0.6,1.8,7.0,0.522,88.92326,-7.9977,30.04618,96.92096
calc22,0.4,70000,200,0.6,1.8,7.0,0.535,85.97141,-6.82171,28.84069,92.79312
calc22,0.4,70000,200,0.6,1.8,7.0,0.549,83.05115,-6.03271,27.64802,89.08386
calc22,0.4,70000,200,0.6,1.8,7.0,0.563,80.10573,-5.25112,26.4449,85.35685
calc22,0.4,70000,200,0.6,1.8,7.0,0.577,77.37532,-4.46401,25.33875,81.83933
calc22,0.4,70000,200,0.6,1.8,7.0,0.59,74.94096,-3.80517,24.37182,78.74613
calc22,0.4,70000,200,0.6,1.8,7.0,0.604,72.53279,-3.35638,23.41483,75.88917
calc22,0.4,70000,200,0.6,1.8,7.0,0.618,70.1044,-2.91152,22.44984,73.01592
calc22,0.4,70000,200,0.6,1.8,7.0,0.631,68.13196,-2.46465,21.66884,70.59661
calc22,0.4,70000,200,0.6,1.8,7.0,0.645,67.06179,-2.11662,21.25219,69.17841
calc22,0.4,70000,200,0.6,1.8,7.0,0.659,65.95833,-1.96291,20.82118,67.92124
calc22,0.4,70000,200,0.6,1.8,7.0,0.673,64.89407,-1.81275,20.40788,66.70682
calc22,0.4,70000,200,0.6,1.8,7.0,0.686,63.7826,-1.65614,19.97288,65.43874
calc23,0.4,70000,200,0.6,1.8,8.0,0.0,-43.8828,-22.3308,-126.362,-21.552
calc23,0.4,70000,200,0.6,1.8,8.0,0.0137,-82.8158,-5.0235,-173.489,-77.7923
calc23,0.4,70000,200,0.6,1.8,8.0,0.0275,-157.554,-35.5074,-252.804,-122.0466
calc23,0.4,70000,200,0.6,1.8,8.0,0.0412,-235.027,-5.89765,-397.612,-229.12935
calc23,0.4,70000,200,0.6,1.8,8.0,0.0549,-291.867,-9.43937,-388.017,-282.42763
calc23,0.4,70000,200,0.6,1.8,8.0,0.0686,-324.102,-13.8508,-375.574,-310.2512
calc23,0.4,70000,200,0.6,1.8,8.0,0.0824,-341.46,-17.3342,-372.161,-324.1258
calc23,0.4,70000,200,0.6,1.8,8.0,0.0961,-347.788,-19.6441,-366.493,-328.1439
calc23,0.4,70000,200,0.6,1.8,8.0,0.11,-346.582,-22.1937,-383.438,-324.3883
calc23,0.4,70000,200,0.6,1.8,8.0,0.124,-341.017,-23.8793,-362.177,-317.1377
calc23,0.4,70000,200,0.6,1.8,8.0,0.137,-333.466,-24.9492,-352.364,-308.5168
calc23,0.4,70000,200,0.6,1.8,8.0,0.151,-323.453,-26.3024,-347.685,-297.1506
calc23,0.4,70000,200,0.6,1.8,8.0,0.165,-310.311,-26.6361,-324.99,-283.6749
calc23,0.4,70000,200,0.6,1.8,8.0,0.178,-287.809,-27.4011,-311.663,-260.4079
calc23,0.4,70000,200,0.6,1.8,8.0,0.192,-261.652,-27.232,-287.562,-234.42
calc23,0.4,70000,200,0.6,1.8,8.0,0.206,-224.974,-27.4077,-256.34,-197.5663
calc23,0.4,70000,200,0.6,1.8,8.0,0.22,-187.429,-26.8035,-222.676,-160.6255
calc23,0.4,70000,200,0.6,1.8,8.0,0.233,-149.793,-26.4267,-187.933,-123.3663
calc23,0.4,70000,200,0.6,1.8,8.0,0.247,-112.55,-25.5203,-153.423,-87.0297
calc23,0.4,70000,200,0.6,1.8,8.0,0.261,-80.7465,-24.7378,-124.223,-56.0087
calc23,0.4,70000,200,0.6,1.8,8.0,0.275,-49.9706,-23.6389,-98.7973,-26.3317
calc23,0.4,70000,200,0.6,1.8,8.0,0.288,-24.5054,-22.574,-76.7692,-1.9314
calc23,0.4,70000,200,0.6,1.8,8.0,0.302,-2.24318,-21.3589,-62.3446,19.11572
calc23,0.4,70000,200,0.6,1.8,8.0,0.316,18.03357,-20.0942,-46.0919,38.12777
calc23,0.4,70000,200,0.6,1.8,8.0,0.329,31.46714,-18.7484,-38.518,50.21554
calc23,0.4,70000,200,0.6,1.8,8.0,0.343,44.78017,-17.4,-29.8401,62.18017
calc23,0.4,70000,200,0.6,1.8,8.0,0.357,54.92006,-16.036,-20.8242,70.95606
calc23,0.4,70000,200,0.6,1.8,8.0,0.371,63.19091,-14.6333,-13.2332,77.82421
calc23,0.4,70000,200,0.6,1.8,8.0,0.384,71.30466,-13.3271,-5.07073,84.63176
calc23,0.4,70000,200,0.6,1.8,8.0,0.398,76.19157,-12.0449,-0.20173,88.23647
calc23,0.4,70000,200,0.6,1.8,8.0,0.412,80.39533,-10.7479,7.042951,91.14323
calc23,0.4,70000,200,0.6,1.8,8.0,0.426,84.50422,-9.61254,11.95257,94.11676
calc23,0.4,70000,200,0.6,1.8,8.0,0.439,86.16086,-8.52081,14.48776,94.68167
calc23,0.4,70000,200,0.6,1.8,8.0,0.453,87.27662,-7.41951,19.06544,94.69613
calc23,0.4,70000,200,0.6,1.8,8.0,0.467,88.32105,-6.44104,21.23653,94.76209
calc23,0.4,70000,200,0.6,1.8,8.0,0.48,88.11846,-5.55071,22.82764,93.66917
calc23,0.4,70000,200,0.6,1.8,8.0,0.494,87.01934,-4.65726,24.55067,91.6766
calc23,0.4,70000,200,0.6,1.8,8.0,0.508,85.86521,-3.79022,25.19003,89.65543
calc23,0.4,70000,200,0.6,1.8,8.0,0.522,84.58691,-3.1199,26.13406,87.70681
calc23,0.4,70000,200,0.6,1.8,8.0,0.535,82.16919,-2.4546,25.339,84.62379
calc23,0.4,70000,200,0.6,1.8,8.0,0.549,79.68149,-1.78263,25.52415,81.46412
calc23,0.4,70000,200,0.6,1.8,8.0,0.563,77.25865,-1.20358,24.60002,78.46223
calc23,0.4,70000,200,0.6,1.8,8.0,0.577,74.75702,-0.76561,24.74121,75.52263
calc23,0.4,70000,200,0.6,1.8,8.0,0.59,72.29606,-0.33493,23.83793,72.63099
calc23,0.4,70000,200,0.6,1.8,8.0,0.604,69.78743,0.101443,23.06025,69.685987
calc23,0.4,70000,200,0.6,1.8,8.0,0.618,67.30906,0.442613,21.75456,66.866447
calc23,0.4,70000,200,0.6,1.8,8.0,0.631,65.24701,0.609181,21.39354,64.637829
calc23,0.4,70000,200,0.6,1.8,8.0,0.645,64.08941,0.77485,20.71522,63.31456
calc23,0.4,70000,200,0.6,1.8,8.0,0.659,62.92225,0.937539,20.28764,61.984711
calc23,0.4,70000,200,0.6,1.8,8.0,0.673,61.75205,1.106814,19.78789,60.645236